ID,Title,Subject,OriginalQuestion,Source,Date,ErrorReason,WrongSolution,CorrectSolution
91432f6a-e564-4610-a860-527942757bd4,二次函数易错点,Chinese,经典错题：二次函数易错点。这是一道典型的易错题，需要认真思考。,来自：Quiz 1,2026-01-07 20:17:59,公式记错,没有完全理解概念，知识点混淆了,先记牢相关概念和公式，再应用解题
c44fcc84-0aa5-472f-92df-0ba63e406d67,生态系统能量流动,Mathematics,易错典型题：生态系统能量流动。这是一道典型的易错题，需要认真思考。,来自：期末复习,2025-08-17 20:17:59,计算失误,理解题目有偏差，理解错了题目中的关键条件,首先分析问题，理清思路，再逐步计算
b95c4525-580d-4828-971a-ffc25d74f5f9,三角函数图像问题,English,易错典型题：三角函数图像问题。这是一道典型的易错题，需要认真思考。,来自：Final Revision Quiz,2026-05-12 20:17:59,概念理解不清,没有完全理解概念，知识点混淆了,巩固基础，加强复习，概念要清晰，步骤要规范
70285403-c362-4c15-9105-612c5c43bd9b,时区计算问题,Physics,经典错题：时区计算问题。这是一道典型的易错题，需要认真思考。,来自：Mock Exam 2,2026-05-13 20:17:59,应用能力不足,步骤全错了，得重新学习这部分内容,首先分析问题，理清思路，再逐步计算
20e6ab8c-4d13-4327-b2b6-e8bd1a4878f3,完形填空高频错题,Chemistry,题目：完形填空高频错题。这是一道典型的易错题，需要认真思考。,来自：期末复习,2026-02-24 20:17:59,粗心大意,理解题目有偏差，理解错了题目中的关键条件,重新看题，认真思考，整理思路，规范步骤
84d1265e-5986-4c04-a5e6-2b8583ccaa40,立体几何三视图,Biology,易错典型题：立体几何三视图。这是一道典型的易错题，需要认真思考。,来自：Final Revision Quiz,2025-11-06 20:17:59,计算失误,理解题目有偏差，理解错了题目中的关键条件,强化训练类似题目，总结常见错误和正确思路
f64f034c-978d-47e0-b5e3-2e3450385961,化学实验装置连接问题,History,经典错题：化学实验装置连接问题。这是一道典型的易错题，需要认真思考。,来自：Mock Exam 2,2026-04-08 20:17:59,思路不清,公式记错了，应该是另一个公式,牢记基础方法: 1.理解题意 2.回忆知识点 3.解题 4.检查总结
06fed1b1-de5c-4dbe-b8df-545b3f521047,时区计算问题,Geography,易错典型题：时区计算问题。这是一道典型的易错题，需要认真思考。,来自：Mid-Term Test,2026-05-19 20:17:59,时间不够用,步骤全错了，得重新学习这部分内容,重新整理知识点，找到正确方法
df7a4bee-0d9c-4e20-9123-01c5c7e4f2f4,三角函数恒等变换易错,Politics,题目内容：三角函数恒等变换易错。这是一道典型的易错题，需要认真思考。,来自：Mock Exam 2,2026-05-11 20:17:59,思路不清,计算出错导致整个结果全错，前面的步骤还挺对的,仔细审清题意，圈出关键词，避免理解偏差
22d4f773-5b2b-467f-8f2a-263dcefa0f99,化学实验装置连接问题,Music,易错典型题：化学实验装置连接问题。这是一道典型的易错题，需要认真思考。,来自：期中考试,2025-06-26 20:17:59,思路不清,计算步骤出错，中间某一步的数值算错了,仔细审清题意，圈出关键词，避免理解偏差
75b2d29a-df0c-4ca5-a601-7ae25b8677c5,立体几何三视图,Art,经典错题：立体几何三视图。这是一道典型的易错题，需要认真思考。,来自：Practice Test,2025-07-03 20:17:59,单位换算错误,步骤错了！思路不对，整个方向都错了,仔细审清题意，圈出关键词，避免理解偏差
db032918-f327-46bb-abc3-9623beca81b0,电磁感应综合题,Sports,经典错题：电磁感应综合题。这是一道典型的易错题，需要认真思考。,来自：Final Review,2026-02-26 20:17:59,忘记重要知识点,错误原因：使用了错误的方法一，导致结果偏离,强化训练类似题目，总结常见错误和正确思路
721c4ef7-ae2f-4e0e-b228-2b93a5f097d0,时区计算问题,Economics,易错典型题：时区计算问题。这是一道典型的易错题，需要认真思考。,来自：Practice Test,2025-10-07 20:17:59,书写错误,理解题目有偏差，理解错了题目中的关键条件,计算时保持专注，每一步都要仔细检查
f37df14a-2f82-4e84-a35f-289bdd5e7e72,近代不平等条约,Computer Science,易错典型题：近代不平等条约。这是一道典型的易错题，需要认真思考。,来自：摸底考试,2026-04-01 20:17:59,书写错误,计算出错导致整个结果全错，前面的步骤还挺对的,先记牢相关概念和公式，再应用解题
899175f0-8b34-4957-b61f-b7e1da001c55,电磁感应综合题,Science,易错典型题：电磁感应综合题。这是一道典型的易错题，需要认真思考。,来自：Final Review,2026-02-21 20:17:59,时间分配不合理,步骤错了！思路不对，整个方向都错了,牢记基础方法: 1.理解题意 2.回忆知识点 3.解题 4.检查总结
091f04ce-7321-4d36-b787-c0c908d7a4a4,物理受力分析,History & Society,题目：物理受力分析。这是一道典型的易错题，需要认真思考。,来自：月考,2025-12-07 20:17:59,公式记错,理解题目有偏差，理解错了题目中的关键条件,强化训练类似题目，总结常见错误和正确思路
3b6408da-db5f-4887-83fd-74911a19146e,数列求和难题,Information Technology,易错典型题：数列求和难题。这是一道典型的易错题，需要认真思考。,来自：期末考试,2026-05-29 20:17:59,计算过程出错,计算出错导致整个结果全错，前面的步骤还挺对的,强化训练类似题目，总结常见错误和正确思路
05107177-fd3f-4244-890f-b935f2e7cea1,数列求和难题,General Technology,易错典型题：数列求和难题。这是一道典型的易错题，需要认真思考。,来自：Final Revision Quiz,2026-01-11 20:17:59,概念理解不够全面,步骤全错了，得重新学习这部分内容,计算时保持专注，每一步都要仔细检查
294a8779-4db7-415c-a7c3-42df8ed3c7f3,英语语法填空错误,Mathematics A,易错典型题：英语语法填空错误。这是一道典型的易错题，需要认真思考。,来自：月考,2026-01-30 20:17:59,时间不够用,理解题目有偏差，理解错了题目中的关键条件,计算时保持专注，每一步都要仔细检查
d2d183a4-9e9c-4fbf-ae93-509ca22cf3ba,文言文翻译理解错误,Mathematics B,易错典型题：文言文翻译理解错误。这是一道典型的易错题，需要认真思考。,来自：Pre-Mock Exam,2025-10-01 20:17:59,计算过程出错,计算出错导致整个结果全错，前面的步骤还挺对的,先记牢相关概念和公式，再应用解题
ab5d056d-948e-42f4-8997-5cf30885657b,二次函数易错点,Liberal Studies,题目内容：二次函数易错点。这是一道典型的易错题，需要认真思考。,来自：摸底考试,2025-07-02 20:17:59,单位换算错误,步骤全错了，得重新学习这部分内容,仔细审清题意，圈出关键词，避免理解偏差
79b17174-862f-42c7-96ef-f1674fd3b1a7,英语语法填空错误,Chinese History,题目：英语语法填空错误。这是一道典型的易错题，需要认真思考。,来自：单元测验,2025-07-17 20:17:59,概念混淆,错误原因：使用了错误的方法一，导致结果偏离,首先分析问题，理清思路，再逐步计算
c15b1a6e-1fe3-4826-8018-867a4be6b601,生态系统能量流动,Visual Arts,经典错题：生态系统能量流动。这是一道典型的易错题，需要认真思考。,来自：诊断性考试,2025-10-09 20:17:59,公式记错,计算步骤出错，中间某一步的数值算错了,强化训练类似题目，总结常见错误和正确思路
814b2e82-ae56-4de9-9d45-c0b86e436c80,酸碱中和滴定误差,Mother Tongue,易错典型题：酸碱中和滴定误差。这是一道典型的易错题，需要认真思考。,来自：模拟考试,2025-11-02 20:17:59,关键信息获取不足,步骤全错了，得重新学习这部分内容,牢记基础方法: 1.理解题意 2.回忆知识点 3.解题 4.检查总结
469755f1-266c-4dc2-a65e-a035a3655984,基因遗传图谱,Additional Mathematics,题目内容：基因遗传图谱。这是一道典型的易错题，需要认真思考。,来自：Final Review,2025-12-02 20:17:59,粗心大意,错误原因：使用了错误的方法一，导致结果偏离,重新看题，认真思考，整理思路，规范步骤
6762ae3d-8c26-4e4b-be1f-cadfd2a56e56,近代不平等条约,Combined Science,经典错题：近代不平等条约。这是一道典型的易错题，需要认真思考。,来自：诊断性考试,2026-05-06 20:17:59,审题不清,错误原因：使用了错误的方法一，导致结果偏离,首先分析问题，理清思路，再逐步计算
c3f1c68f-8e43-4f6d-9977-6c06ca616854,电磁感应综合题,Social Studies,易错典型题：电磁感应综合题。这是一道典型的易错题，需要认真思考。,来自：适应性考试,2025-10-06 20:17:59,书写错误,中间步骤有错误，导致后面的计算都错了,重新看题，认真思考，整理思路，规范步骤
c553e062-00a2-44d0-a806-02e2c473c9b5,完形填空高频错题,English Language,题目内容：完形填空高频错题。这是一道典型的易错题，需要认真思考。,来自：End-of-Year Exam,2025-10-06 20:17:59,计算失误,理解题目有偏差，理解错了题目中的关键条件,重新整理知识点，找到正确方法
adb33026-a1ef-4e90-8cf1-f47a9c621a93,近代不平等条约,English Literature,易错典型题：近代不平等条约。这是一道典型的易错题，需要认真思考。,来自：摸底考试,2025-11-21 20:17:59,概念理解不够全面,步骤全错了，得重新学习这部分内容,重新看题，认真思考，整理思路，规范步骤
97894b00-b96e-4686-9563-c1d40fa07fdc,向量运算错误,Business Studies,易错典型题：向量运算错误。这是一道典型的易错题，需要认真思考。,来自：Practice Test,2025-11-28 20:17:59,粗心大意,没有完全理解概念，知识点混淆了,巩固基础，加强复习，概念要清晰，步骤要规范
9d348a38-830c-40ae-a41a-2076b8a7809d,有机化学同分异构体,Religious Studies,题目：有机化学同分异构体。这是一道典型的易错题，需要认真思考。,来自：期末考试,2026-04-02 20:17:59,概念理解不够全面,步骤全错了，得重新学习这部分内容,先记牢相关概念和公式，再应用解题
ab48f15e-79b3-4f44-b567-5728418fc4fe,近代不平等条约,French,经典错题：近代不平等条约。这是一道典型的易错题，需要认真思考。,来自：期中考试,2025-07-31 20:17:59,应用能力不足,公式记错了，应该是另一个公式,强化训练类似题目，总结常见错误和正确思路
e1b862e1-5fc2-4cdb-9672-797524bd7cae,牛顿运动定律综合运用,Spanish,题目内容：牛顿运动定律综合运用。这是一道典型的易错题，需要认真思考。,来自：诊断性考试,2025-08-20 20:17:59,知识点遗漏,计算出错导致整个结果全错，前面的步骤还挺对的,先记牢相关概念和公式，再应用解题
084c6dae-fccb-4a92-b008-b6e083940bb0,基因遗传图谱,German,题目内容：基因遗传图谱。这是一道典型的易错题，需要认真思考。,来自：Quiz 1,2025-12-16 20:17:59,计算失误,中间步骤有错误，导致后面的计算都错了,先记牢相关概念和公式，再应用解题
5b4d803b-604d-47a5-943c-c4430235def7,化学实验装置连接问题,Drama,题目：化学实验装置连接问题。这是一道典型的易错题，需要认真思考。,来自：Quarterly Exam,2025-11-29 20:17:59,计算过程出错,步骤全错了，得重新学习这部分内容,重新看题，认真思考，整理思路，规范步骤
d613ead4-b12e-475a-8627-2ceb0ce052a1,时区计算问题,Further Mathematics,题目：时区计算问题。这是一道典型的易错题，需要认真思考。,来自：Practice Test,2025-11-01 20:17:59,单位换算错误,计算步骤出错，中间某一步的数值算错了,首先分析问题，理清思路，再逐步计算
79452980-c93c-44e1-b263-f2f84ced3a5f,二次函数易错点,Human Biology,题目：二次函数易错点。这是一道典型的易错题，需要认真思考。,来自：适应性考试,2025-12-05 20:17:59,概念混淆,计算出错导致整个结果全错，前面的步骤还挺对的,首先分析问题，理清思路，再逐步计算
c045510a-12dc-47ec-8444-400029d76e12,英语语法填空错误,Business,易错典型题：英语语法填空错误。这是一道典型的易错题，需要认真思考。,来自：期末考试,2026-04-25 20:17:59,概念理解不清,中间步骤有错误，导致后面的计算都错了,重新看题，认真思考，整理思路，规范步骤
a281ad7d-a02f-4c28-9f5d-163e853a1faf,向量运算错误,Psychology,经典错题：向量运算错误。这是一道典型的易错题，需要认真思考。,来自：Practice Test,2025-10-03 20:17:59,概念理解不清,计算出错导致整个结果全错，前面的步骤还挺对的,首先分析问题，理清思路，再逐步计算
de37e774-47ab-4561-a710-d1318628bcde,化学实验装置连接问题,Sociology,经典错题：化学实验装置连接问题。这是一道典型的易错题，需要认真思考。,来自：寒假作业检查,2026-02-16 20:17:59,计算失误,理解题目有偏差，理解错了题目中的关键条件,首先分析问题，理清思路，再逐步计算
7e705b1a-8d15-4ab7-9d9b-99b57efefefd,立体几何三视图,Philosophy,题目：立体几何三视图。这是一道典型的易错题，需要认真思考。,来自：暑假作业检查,2025-06-20 20:17:59,概念理解不够全面,没有完全理解概念，知识点混淆了,先记牢相关概念和公式，再应用解题
8007ed87-431e-4a64-9568-fad338de23d5,完形填空高频错题,Media Studies,题目内容：完形填空高频错题。这是一道典型的易错题，需要认真思考。,来自：月考,2025-09-23 20:17:59,公式记错,中间步骤有错误，导致后面的计算都错了,重新看题，认真思考，整理思路，规范步骤
f90fb64d-9631-4534-b326-f1056e70f855,近代不平等条约,IB English A: Literature,易错典型题：近代不平等条约。这是一道典型的易错题，需要认真思考。,来自：Weekly Test,2025-06-21 20:17:59,应用能力不足,公式记错了，应该是另一个公式,巩固基础，加强复习，概念要清晰，步骤要规范
50062a13-f544-4c56-acae-98356e1b3f21,三角函数图像问题,IB English A: Language & Literature,经典错题：三角函数图像问题。这是一道典型的易错题，需要认真思考。,来自：Mock Exam,2026-03-04 20:17:59,忘记重要知识点,没有完全理解概念，知识点混淆了,重新整理知识点，找到正确方法
50b165f8-a038-4104-a3fe-99cd2c71693a,基因遗传图谱,IB Chinese A: Literature,经典错题：基因遗传图谱。这是一道典型的易错题，需要认真思考。,来自：寒假作业检查,2025-06-07 20:17:59,记忆错误,中间步骤有错误，导致后面的计算都错了,牢记基础方法: 1.理解题意 2.回忆知识点 3.解题 4.检查总结
77aad56b-1e78-4ca3-b72f-d357210f50d4,基因遗传图谱,IB Chinese A: Language & Literature,题目：基因遗传图谱。这是一道典型的易错题，需要认真思考。,来自：Weekly Test,2026-02-18 20:17:59,关键信息获取不足,错误原因：使用了错误的方法一，导致结果偏离,首先分析问题，理清思路，再逐步计算
86d8e225-b3be-4557-a2d6-7f5cf56e781f,英语语法填空错误,IB Self-Taught Language A,题目内容：英语语法填空错误。这是一道典型的易错题，需要认真思考。,来自：Mock Exam 2,2026-03-19 20:17:59,书写错误,错误原因：使用了错误的方法一，导致结果偏离,重新整理知识点，找到正确方法
54741c5f-c688-4f1a-a7d6-97801d780952,数列求和难题,IB English B,题目内容：数列求和难题。这是一道典型的易错题，需要认真思考。,来自：Mock Exam 2,2025-08-26 20:17:59,粗心大意,步骤错了！思路不对，整个方向都错了,巩固基础，加强复习，概念要清晰，步骤要规范
d433935d-0263-4820-a31c-9d19522e92de,有机化学同分异构体,IB French B,经典错题：有机化学同分异构体。这是一道典型的易错题，需要认真思考。,来自：摸底考试,2026-03-30 20:17:59,忘记重要知识点,公式记错了，应该是另一个公式,计算时保持专注，每一步都要仔细检查
42aa03ed-0be8-43a1-9459-f71482a192da,向量运算错误,IB Spanish B,易错典型题：向量运算错误。这是一道典型的易错题，需要认真思考。,来自：Quiz 1,2026-01-23 20:17:59,概念理解不清,理解题目有偏差，理解错了题目中的关键条件,巩固基础，加强复习，概念要清晰，步骤要规范
81bbe635-d6a9-4d45-a5bc-3f7aeb9858a9,生态系统能量流动,IB Mandarin B,题目内容：生态系统能量流动。这是一道典型的易错题，需要认真思考。,来自：模拟考试,2026-05-17 20:17:59,概念混淆,公式记错了，应该是另一个公式,牢记基础方法: 1.理解题意 2.回忆知识点 3.解题 4.检查总结
c3025d49-4694-4917-8306-3c5fb7d719e3,向量运算错误,IB Ab Initio French,经典错题：向量运算错误。这是一道典型的易错题，需要认真思考。,来自：Quarterly Exam,2025-09-06 20:17:59,公式记错,步骤错了！思路不对，整个方向都错了,强化训练类似题目，总结常见错误和正确思路
5c56c3c6-46f6-4eee-ba8f-066ea55970f3,物理受力分析,IB Ab Initio Spanish,经典错题：物理受力分析。这是一道典型的易错题，需要认真思考。,来自：Pre-Mock Exam,2025-09-26 20:17:59,应用能力不足,中间步骤有错误，导致后面的计算都错了,强化训练类似题目，总结常见错误和正确思路
b89b9510-3287-496c-836a-da02308d107b,二次函数易错点,IB History,题目内容：二次函数易错点。这是一道典型的易错题，需要认真思考。,来自：期末考试,2025-09-23 20:17:59,记忆错误,步骤全错了，得重新学习这部分内容,牢记基础方法: 1.理解题意 2.回忆知识点 3.解题 4.检查总结
fe73c11f-42a8-4ba7-be4f-2b594cf5b8c6,近代不平等条约,IB Geography,经典错题：近代不平等条约。这是一道典型的易错题，需要认真思考。,来自：Mid-Term Test,2026-02-19 20:17:59,概念理解不够全面,计算步骤出错，中间某一步的数值算错了,重新看题，认真思考，整理思路，规范步骤
0aafc232-e3b1-4401-a1eb-926ab7abb9dc,物理受力分析,IB Economics,题目内容：物理受力分析。这是一道典型的易错题，需要认真思考。,来自：Mid-Term Test,2026-04-15 20:17:59,思路不清,没有完全理解概念，知识点混淆了,重新整理知识点，找到正确方法
2c594fa3-75e0-4abb-a4c8-b0b078fee42e,物理受力分析,IB Psychology,题目：物理受力分析。这是一道典型的易错题，需要认真思考。,来自：期中考试,2025-12-15 20:17:59,时间分配不合理,步骤错了！思路不对，整个方向都错了,重新整理知识点，找到正确方法
84a57424-49d0-47d6-b1a8-7285c927dd96,物理受力分析,IB Philosophy,经典错题：物理受力分析。这是一道典型的易错题，需要认真思考。,来自：诊断性考试,2025-10-14 20:17:59,粗心大意,计算出错导致整个结果全错，前面的步骤还挺对的,仔细审清题意，圈出关键词，避免理解偏差
5f175474-a363-4723-acda-77448a7ee5e5,三角函数图像问题,IB Business Management,经典错题：三角函数图像问题。这是一道典型的易错题，需要认真思考。,来自：暑假作业检查,2026-02-06 20:17:59,知识点遗漏,理解题目有偏差，理解错了题目中的关键条件,强化训练类似题目，总结常见错误和正确思路
553d3f69-8f6b-4832-99ca-f546169f4e00,三角函数图像问题,IB Global Politics,题目内容：三角函数图像问题。这是一道典型的易错题，需要认真思考。,来自：模拟考试,2025-09-19 20:17:59,概念理解不够全面,错误原因：使用了错误的方法一，导致结果偏离,强化训练类似题目，总结常见错误和正确思路
c94c46a7-9936-48d6-a348-7647c2e494eb,有机化学同分异构体,IB Environmental Systems,易错典型题：有机化学同分异构体。这是一道典型的易错题，需要认真思考。,来自：Pre-Mock Exam,2025-07-05 20:17:59,时间分配不合理,计算步骤出错，中间某一步的数值算错了,仔细审清题意，圈出关键词，避免理解偏差
cfafc957-d34e-481e-90d4-a2dfbceff99a,完形填空高频错题,IB Physics,题目：完形填空高频错题。这是一道典型的易错题，需要认真思考。,来自：适应性考试,2025-12-19 20:17:59,概念理解不够全面,计算步骤出错，中间某一步的数值算错了,重新整理知识点，找到正确方法
66d22d57-c11a-47cd-9bde-791beae58c7c,电磁感应综合题,IB Chemistry,题目：电磁感应综合题。这是一道典型的易错题，需要认真思考。,来自：Weekly Test,2025-10-18 20:17:59,书写格式错误,错误原因：使用了错误的方法一，导致结果偏离,重新看题，认真思考，整理思路，规范步骤
88a21227-5cbb-4930-bec9-643334edca16,文言文翻译理解错误,IB Biology,经典错题：文言文翻译理解错误。这是一道典型的易错题，需要认真思考。,来自：Pre-Mock Exam,2025-09-15 20:17:59,应用能力不足,步骤错了！思路不对，整个方向都错了,重新整理知识点，找到正确方法
5609a048-dbc6-4fbc-90fa-61992a1656bc,数列求和难题,IB Computer Science,易错典型题：数列求和难题。这是一道典型的易错题，需要认真思考。,来自：期末复习,2025-09-08 20:17:59,计算过程出错,中间步骤有错误，导致后面的计算都错了,首先分析问题，理清思路，再逐步计算
a912ba3c-3e9c-4d8e-aa50-adb695b69c69,时区计算问题,IB Design Technology,题目内容：时区计算问题。这是一道典型的易错题，需要认真思考。,来自：Practice Test,2025-08-15 20:17:59,概念理解不够全面,错误原因：使用了错误的方法一，导致结果偏离,首先分析问题，理清思路，再逐步计算
739eaf53-c729-40aa-b990-0079bfe31cad,生态系统能量流动,IB Mathematics: Analysis & Approaches SL,经典错题：生态系统能量流动。这是一道典型的易错题，需要认真思考。,来自：寒假作业检查,2025-07-23 20:17:59,计算过程出错,中间步骤有错误，导致后面的计算都错了,巩固基础，加强复习，概念要清晰，步骤要规范
81e5b2cd-b356-4fc2-ac24-3269801500f1,三角函数恒等变换易错,IB Mathematics: Analysis & Approaches HL,经典错题：三角函数恒等变换易错。这是一道典型的易错题，需要认真思考。,来自：单元测验,2025-09-11 20:17:59,书写错误,步骤全错了，得重新学习这部分内容,首先分析问题，理清思路，再逐步计算
75972543-4e55-4bb0-91e3-00deb51a7114,近代不平等条约,IB Mathematics: Applications & Interpretation SL,题目内容：近代不平等条约。这是一道典型的易错题，需要认真思考。,来自：Practice Test,2026-01-29 20:17:59,忘记重要知识点,错误原因：使用了错误的方法一，导致结果偏离,重新整理知识点，找到正确方法
46de107d-2c73-4e8d-9d6f-042fb949ec1c,英语语法填空错误,IB Mathematics: Applications & Interpretation HL,题目：英语语法填空错误。这是一道典型的易错题，需要认真思考。,来自：End-of-Year Exam,2026-03-07 20:17:59,关键信息获取不足,中间步骤有错误，导致后面的计算都错了,计算时保持专注，每一步都要仔细检查
8aeee575-566a-4ba1-88bb-a9b382bec640,立体几何三视图,IB Visual Arts,题目内容：立体几何三视图。这是一道典型的易错题，需要认真思考。,来自：摸底考试,2025-12-27 20:17:59,时间分配不合理,步骤全错了，得重新学习这部分内容,仔细审清题意，圈出关键词，避免理解偏差
f69909c7-a989-4430-a09e-0992168cb7d5,酸碱中和滴定误差,IB Music,易错典型题：酸碱中和滴定误差。这是一道典型的易错题，需要认真思考。,来自：Final Review,2025-08-15 20:17:59,知识点遗漏,计算出错导致整个结果全错，前面的步骤还挺对的,巩固基础，加强复习，概念要清晰，步骤要规范
9da89f1e-1e26-42c6-9957-6ec834ccb788,立体几何三视图,IB Theatre,易错典型题：立体几何三视图。这是一道典型的易错题，需要认真思考。,来自：适应性考试,2025-10-22 20:17:59,关键信息获取不足,中间步骤有错误，导致后面的计算都错了,强化训练类似题目，总结常见错误和正确思路
4dc75f73-2a69-4930-947a-de006759638b,二次函数易错点,IB Film,经典错题：二次函数易错点。这是一道典型的易错题，需要认真思考。,来自：寒假作业检查,2025-11-26 20:17:59,时间不够用,计算出错导致整个结果全错，前面的步骤还挺对的,先记牢相关概念和公式，再应用解题
24001b9f-d762-4d2f-9aec-81144cf200b0,时区计算问题,IB Dance,经典错题：时区计算问题。这是一道典型的易错题，需要认真思考。,来自：Quiz 1,2025-07-10 20:17:59,审题不清,没有完全理解概念，知识点混淆了,重新看题，认真思考，整理思路，规范步骤
28564e30-0196-43f0-8620-ef61202dbcb7,牛顿运动定律综合运用,IB TOK,易错典型题：牛顿运动定律综合运用。这是一道典型的易错题，需要认真思考。,来自：暑假作业检查,2025-09-30 20:17:59,书写格式错误,公式记错了，应该是另一个公式,先记牢相关概念和公式，再应用解题
407d1ae6-b3cc-4199-9313-4465ea253d7b,近代不平等条约,IB Extended Essay,题目内容：近代不平等条约。这是一道典型的易错题，需要认真思考。,来自：单元测验,2026-04-02 20:17:59,忘记重要知识点,计算步骤出错，中间某一步的数值算错了,重新看题，认真思考，整理思路，规范步骤
2bad77ba-5c80-4fcc-8a18-d7df1f558103,阅读理解主旨大意题,AP English Language,易错典型题：阅读理解主旨大意题。这是一道典型的易错题，需要认真思考。,来自：期中考试,2025-06-26 20:17:59,书写格式错误,计算出错导致整个结果全错，前面的步骤还挺对的,计算时保持专注，每一步都要仔细检查
78008cf3-c0b9-45dc-8738-b6f9d0d7de5b,生态系统能量流动,AP English Literature,经典错题：生态系统能量流动。这是一道典型的易错题，需要认真思考。,来自：寒假作业检查,2026-06-05 20:17:59,粗心大意,计算出错导致整个结果全错，前面的步骤还挺对的,先记牢相关概念和公式，再应用解题
68c4c0b1-bcd3-4b10-9404-2cfa16634dd1,生态系统能量流动,AP US History,题目：生态系统能量流动。这是一道典型的易错题，需要认真思考。,来自：Final Review,2025-09-10 20:17:59,时间不够用,步骤全错了，得重新学习这部分内容,巩固基础，加强复习，概念要清晰，步骤要规范
92fa80bd-7037-4f71-be4b-4e3c61e2fc78,化学实验装置连接问题,AP World History,易错典型题：化学实验装置连接问题。这是一道典型的易错题，需要认真思考。,来自：诊断性考试,2026-05-30 20:17:59,书写错误,步骤全错了，得重新学习这部分内容,首先分析问题，理清思路，再逐步计算
7dcff00f-f314-404d-9eaf-4b9d290e9427,基因遗传图谱,AP European History,经典错题：基因遗传图谱。这是一道典型的易错题，需要认真思考。,来自：期末考试,2026-01-28 20:17:59,书写错误,步骤全错了，得重新学习这部分内容,重新整理知识点，找到正确方法
1db734b3-606c-4658-9a15-9f98037260d5,有机化学同分异构体,AP Human Geography,题目内容：有机化学同分异构体。这是一道典型的易错题，需要认真思考。,来自：Final Revision Quiz,2025-09-06 20:17:59,应用能力不足,计算步骤出错，中间某一步的数值算错了,牢记基础方法: 1.理解题意 2.回忆知识点 3.解题 4.检查总结
94133880-7c34-4919-bd5e-1071127e2958,酸碱中和滴定误差,AP US Government,题目内容：酸碱中和滴定误差。这是一道典型的易错题，需要认真思考。,来自：适应性考试,2025-08-15 20:17:59,思路不清,中间步骤有错误，导致后面的计算都错了,强化训练类似题目，总结常见错误和正确思路
50d8ba35-676d-4b1e-8f29-e5d811dd45ab,时区计算问题,AP Macroeconomics,经典错题：时区计算问题。这是一道典型的易错题，需要认真思考。,来自：诊断性考试,2025-07-22 20:17:59,概念混淆,错误原因：使用了错误的方法一，导致结果偏离,首先分析问题，理清思路，再逐步计算
c888f99a-9c4a-4b0f-927a-3bf56e41a3ed,数列求和难题,AP Microeconomics,题目内容：数列求和难题。这是一道典型的易错题，需要认真思考。,来自：月考,2025-07-27 20:17:59,概念混淆,没有完全理解概念，知识点混淆了,重新看题，认真思考，整理思路，规范步骤
541e0b4e-4eea-441c-ba05-ccab1165dcfa,英语语法填空错误,AP Psychology,题目内容：英语语法填空错误。这是一道典型的易错题，需要认真思考。,来自：寒假作业检查,2025-11-08 20:17:59,计算失误,没有完全理解概念，知识点混淆了,巩固基础，加强复习，概念要清晰，步骤要规范
1cb36f51-dcaa-4a98-9e23-6aa0d4245fd4,完形填空高频错题,AP Calculus AB,易错典型题：完形填空高频错题。这是一道典型的易错题，需要认真思考。,来自：模拟考试,2025-11-02 20:17:59,知识点遗漏,步骤全错了，得重新学习这部分内容,仔细审清题意，圈出关键词，避免理解偏差
68afd0af-e72d-4714-b9e3-47bc5d9ae375,二次函数易错点,AP Calculus BC,易错典型题：二次函数易错点。这是一道典型的易错题，需要认真思考。,来自：期末考试,2026-01-05 20:17:59,概念混淆,计算出错导致整个结果全错，前面的步骤还挺对的,仔细审清题意，圈出关键词，避免理解偏差
207597ce-0468-48e0-9e61-dc2058e9906a,生态系统能量流动,AP Statistics,题目：生态系统能量流动。这是一道典型的易错题，需要认真思考。,来自：Practice Test,2026-06-02 20:17:59,知识点遗漏,步骤全错了，得重新学习这部分内容,计算时保持专注，每一步都要仔细检查
c1724f3e-4c0d-4229-ae67-4ef1a5347383,立体几何三视图,AP Precalculus,题目：立体几何三视图。这是一道典型的易错题，需要认真思考。,来自：摸底考试,2025-11-19 20:17:59,记忆错误,理解题目有偏差，理解错了题目中的关键条件,首先分析问题，理清思路，再逐步计算
5c13e0c0-3f02-4990-959d-4280e06b7711,物理受力分析,AP Computer Science A,经典错题：物理受力分析。这是一道典型的易错题，需要认真思考。,来自：月考,2025-10-19 20:17:59,计算过程出错,计算步骤出错，中间某一步的数值算错了,仔细审清题意，圈出关键词，避免理解偏差
3c4d38a4-92ff-45d5-b528-3b3cb5f6a25b,基因遗传图谱,AP Computer Science Principles,题目内容：基因遗传图谱。这是一道典型的易错题，需要认真思考。,来自：期中考试,2025-09-08 20:17:59,概念混淆,错误原因：使用了错误的方法一，导致结果偏离,计算时保持专注，每一步都要仔细检查
214605a7-6e7c-4556-b679-f71d7e9ed1e1,完形填空高频错题,AP Physics 1,经典错题：完形填空高频错题。这是一道典型的易错题，需要认真思考。,来自：适应性考试,2025-12-17 20:17:59,概念理解不够全面,公式记错了，应该是另一个公式,首先分析问题，理清思路，再逐步计算
0a7b59fa-0c04-409f-8fe9-8462346abdfd,牛顿运动定律综合运用,AP Physics 2,题目内容：牛顿运动定律综合运用。这是一道典型的易错题，需要认真思考。,来自：暑假作业检查,2026-04-08 20:17:59,审题不清,中间步骤有错误，导致后面的计算都错了,强化训练类似题目，总结常见错误和正确思路
a8f3031a-861a-4ec7-8ef7-e415dbbf0439,牛顿运动定律综合运用,AP Physics C: Mechanics,经典错题：牛顿运动定律综合运用。这是一道典型的易错题，需要认真思考。,来自：Practice Test,2026-03-02 20:17:59,单位换算错误,步骤全错了，得重新学习这部分内容,计算时保持专注，每一步都要仔细检查
8918b9fb-983c-4853-8b9a-a81dbc5326e0,阅读理解主旨大意题,AP Physics C: E&M,易错典型题：阅读理解主旨大意题。这是一道典型的易错题，需要认真思考。,来自：期末考试,2026-05-15 20:17:59,知识点遗漏,理解题目有偏差，理解错了题目中的关键条件,首先分析问题，理清思路，再逐步计算
f19ac3bc-9b3b-4761-ada5-6f53561c3ddf,英语语法填空错误,AP Chemistry,经典错题：英语语法填空错误。这是一道典型的易错题，需要认真思考。,来自：Mid-Term Test,2025-07-17 20:17:59,忘记重要知识点,理解题目有偏差，理解错了题目中的关键条件,牢记基础方法: 1.理解题意 2.回忆知识点 3.解题 4.检查总结
e9425499-c354-4e77-99fa-99ddb592b552,英语语法填空错误,AP Biology,经典错题：英语语法填空错误。这是一道典型的易错题，需要认真思考。,来自：Mid-Term Test,2026-01-18 20:17:59,概念理解不够全面,计算出错导致整个结果全错，前面的步骤还挺对的,重新看题，认真思考，整理思路，规范步骤
663cce59-b8a1-4933-83cc-a22712c42aa5,文言文翻译理解错误,AP Environmental Science,题目：文言文翻译理解错误。这是一道典型的易错题，需要认真思考。,来自：月考,2025-06-11 20:17:59,时间分配不合理,公式记错了，应该是另一个公式,计算时保持专注，每一步都要仔细检查
1791d73b-0700-4471-bc0f-cd110aaa9fa0,电磁感应综合题,AP Chinese,经典错题：电磁感应综合题。这是一道典型的易错题，需要认真思考。,来自：寒假作业检查,2026-03-17 20:17:59,时间分配不合理,计算步骤出错，中间某一步的数值算错了,重新看题，认真思考，整理思路，规范步骤
6786c8fc-e180-4a87-8789-aebbaf129467,基因遗传图谱,AP French,经典错题：基因遗传图谱。这是一道典型的易错题，需要认真思考。,来自：Mock Exam,2025-06-18 20:17:59,审题不清,错误原因：使用了错误的方法一，导致结果偏离,先记牢相关概念和公式，再应用解题
9ba17204-40db-42e8-971b-144d4ab4d9e5,牛顿运动定律综合运用,AP Spanish,经典错题：牛顿运动定律综合运用。这是一道典型的易错题，需要认真思考。,来自：期中考试,2025-09-10 20:17:59,思路不清,步骤全错了，得重新学习这部分内容,强化训练类似题目，总结常见错误和正确思路
98db0dad-a3bf-4a46-b760-a9d37312ed54,化学实验装置连接问题,AP German,题目：化学实验装置连接问题。这是一道典型的易错题，需要认真思考。,来自：Quiz 1,2025-11-01 20:17:59,概念理解不够全面,计算出错导致整个结果全错，前面的步骤还挺对的,首先分析问题，理清思路，再逐步计算
99fb6b6f-5c48-40b7-9460-b1aa738eeb13,阅读理解主旨大意题,AP Japanese,易错典型题：阅读理解主旨大意题。这是一道典型的易错题，需要认真思考。,来自：Mock Exam 2,2025-11-18 20:17:59,记忆错误,公式记错了，应该是另一个公式,先记牢相关概念和公式，再应用解题
bfad962f-3e01-45ec-aca1-39a74e145e4a,生态系统能量流动,AP Latin,题目：生态系统能量流动。这是一道典型的易错题，需要认真思考。,来自：Mock Exam,2026-03-08 20:17:59,思路不清,步骤全错了，得重新学习这部分内容,计算时保持专注，每一步都要仔细检查
96841aab-4c71-4df9-b7be-7e423f3874e4,阅读理解主旨大意题,AP Art History,经典错题：阅读理解主旨大意题。这是一道典型的易错题，需要认真思考。,来自：Quarterly Exam,2025-06-29 20:17:59,应用能力不足,计算步骤出错，中间某一步的数值算错了,先记牢相关概念和公式，再应用解题
c667a07b-eb27-4283-8bae-cdfd5f433865,向量运算错误,AP Music Theory,题目：向量运算错误。这是一道典型的易错题，需要认真思考。,来自：摸底考试,2025-07-19 20:17:59,概念混淆,计算出错导致整个结果全错，前面的步骤还挺对的,计算时保持专注，每一步都要仔细检查
44608d89-6157-4a4e-af1b-4cf4ceb6659b,三角函数图像问题,AP Studio Art 2D,题目：三角函数图像问题。这是一道典型的易错题，需要认真思考。,来自：期末复习,2026-02-22 20:17:59,概念混淆,步骤全错了，得重新学习这部分内容,重新整理知识点，找到正确方法
54051f88-ce30-4438-b456-65c0ea1e2756,酸碱中和滴定误差,AP Studio Art 3D,经典错题：酸碱中和滴定误差。这是一道典型的易错题，需要认真思考。,来自：Mid-Term Test,2025-06-10 20:17:59,记忆错误,错误原因：使用了错误的方法一，导致结果偏离,强化训练类似题目，总结常见错误和正确思路
2bdedc3e-ff15-4431-8e43-6e3fc22e444b,近代不平等条约,AP Studio Art Drawing,经典错题：近代不平等条约。这是一道典型的易错题，需要认真思考。,来自：期末复习,2026-01-13 20:17:59,记忆错误,错误原因：使用了错误的方法一，导致结果偏离,首先分析问题，理清思路，再逐步计算
baf0bbf5-64e5-496d-a592-4038dd0da90c,有机化学同分异构体,SAT Math Level 1,经典错题：有机化学同分异构体。这是一道典型的易错题，需要认真思考。,来自：Mock Exam,2026-03-30 20:17:59,关键信息获取不足,理解题目有偏差，理解错了题目中的关键条件,重新整理知识点，找到正确方法
ad8fd38f-99e2-4305-b8b1-14a74cfbf709,化学实验装置连接问题,SAT Math Level 2,题目：化学实验装置连接问题。这是一道典型的易错题，需要认真思考。,来自：Mock Exam,2026-05-06 20:17:59,审题不清,计算出错导致整个结果全错，前面的步骤还挺对的,首先分析问题，理清思路，再逐步计算
cc4373c7-f6ec-4745-8e20-2091b1118ceb,时区计算问题,SAT Physics,题目：时区计算问题。这是一道典型的易错题，需要认真思考。,来自：Quiz 1,2026-02-17 20:17:59,粗心大意,计算出错导致整个结果全错，前面的步骤还挺对的,重新整理知识点，找到正确方法
d078316a-709d-40a1-bf2d-d2c8d8ed6faf,完形填空高频错题,SAT Chemistry,题目：完形填空高频错题。这是一道典型的易错题，需要认真思考。,来自：Final Review,2025-07-19 20:17:59,忘记重要知识点,步骤全错了，得重新学习这部分内容,仔细审清题意，圈出关键词，避免理解偏差
c085f2d6-e837-4fe3-b775-abdee856578c,酸碱中和滴定误差,SAT Biology,题目内容：酸碱中和滴定误差。这是一道典型的易错题，需要认真思考。,来自：Mock Exam 2,2025-11-10 20:17:59,概念理解不够全面,没有完全理解概念，知识点混淆了,仔细审清题意，圈出关键词，避免理解偏差
25ae908c-727a-487c-a12f-69b906dc0faa,向量运算错误,SAT US History,经典错题：向量运算错误。这是一道典型的易错题，需要认真思考。,来自：Final Review,2025-11-21 20:17:59,思路不清,公式记错了，应该是另一个公式,强化训练类似题目，总结常见错误和正确思路
5569777f-a300-4f62-b268-d9b1bfaadc70,完形填空高频错题,SAT World History,题目内容：完形填空高频错题。这是一道典型的易错题，需要认真思考。,来自：Pre-Mock Exam,2025-09-19 20:17:59,应用能力不足,没有完全理解概念，知识点混淆了,计算时保持专注，每一步都要仔细检查
0992f6a1-776f-4553-84ee-ac84f42d1a16,时区计算问题,SAT Literature,题目内容：时区计算问题。这是一道典型的易错题，需要认真思考。,来自：Practice Test,2025-09-22 20:17:59,公式记错,步骤错了！思路不对，整个方向都错了,重新整理知识点，找到正确方法
0ef689a2-cb0c-4808-b495-cb61b6a38147,生态系统能量流动,SAT Spanish,易错典型题：生态系统能量流动。这是一道典型的易错题，需要认真思考。,来自：暑假作业检查,2025-08-30 20:17:59,书写格式错误,错误原因：使用了错误的方法一，导致结果偏离,牢记基础方法: 1.理解题意 2.回忆知识点 3.解题 4.检查总结
ad1ba24b-3d34-4468-91f3-f88adec566c9,英语语法填空错误,SAT French,题目：英语语法填空错误。这是一道典型的易错题，需要认真思考。,来自：期中考试,2025-11-28 20:17:59,书写错误,中间步骤有错误，导致后面的计算都错了,计算时保持专注，每一步都要仔细检查
0ec34cd5-be8f-44de-89d2-4345cf80d91e,基因遗传图谱,SAT Chinese,题目：基因遗传图谱。这是一道典型的易错题，需要认真思考。,来自：暑假作业检查,2026-01-17 20:17:59,单位换算错误,计算步骤出错，中间某一步的数值算错了,牢记基础方法: 1.理解题意 2.回忆知识点 3.解题 4.检查总结
cb6bea15-4ead-497b-80e6-d68b967007f4,英语语法填空错误,ACT English,易错典型题：英语语法填空错误。这是一道典型的易错题，需要认真思考。,来自：Quarterly Exam,2026-01-05 20:17:59,时间分配不合理,步骤错了！思路不对，整个方向都错了,强化训练类似题目，总结常见错误和正确思路
7cb79f1f-fc70-457b-bedc-2597a26c9d58,向量运算错误,ACT Math,题目内容：向量运算错误。这是一道典型的易错题，需要认真思考。,来自：暑假作业检查,2025-08-24 20:17:59,审题不清,计算步骤出错，中间某一步的数值算错了,巩固基础，加强复习，概念要清晰，步骤要规范
19734a0e-77f6-492e-9642-177efbcca6a7,化学实验装置连接问题,ACT Reading,易错典型题：化学实验装置连接问题。这是一道典型的易错题，需要认真思考。,来自：诊断性考试,2025-10-01 20:17:59,公式记错,公式记错了，应该是另一个公式,重新整理知识点，找到正确方法
5e5398a3-33f0-46be-8fc3-3214c000b5eb,三角函数图像问题,ACT Science,题目：三角函数图像问题。这是一道典型的易错题，需要认真思考。,来自：摸底考试,2026-02-07 20:17:59,概念理解不够全面,计算出错导致整个结果全错，前面的步骤还挺对的,先记牢相关概念和公式，再应用解题
c611d8fb-62c2-4486-86d8-d0668baac60d,化学实验装置连接问题,ACT Writing,题目：化学实验装置连接问题。这是一道典型的易错题，需要认真思考。,来自：模拟考试,2025-10-06 20:17:59,单位换算错误,计算出错导致整个结果全错，前面的步骤还挺对的,强化训练类似题目，总结常见错误和正确思路
70acbb80-9a81-41a9-8226-c6869cd04cff,酸碱中和滴定误差,SAT EBRW,经典错题：酸碱中和滴定误差。这是一道典型的易错题，需要认真思考。,来自：Mock Exam 2,2025-09-26 20:17:59,审题不清,步骤错了！思路不对，整个方向都错了,重新看题，认真思考，整理思路，规范步骤
166ded4c-a9f2-44b3-8409-d7af10d3e08a,酸碱中和滴定误差,SAT Math,经典错题：酸碱中和滴定误差。这是一道典型的易错题，需要认真思考。,来自：摸底考试,2026-04-20 20:17:59,知识点遗漏,计算出错导致整个结果全错，前面的步骤还挺对的,重新整理知识点，找到正确方法
a25b44ae-0059-4e52-a598-fee8adcda510,英语语法填空错误,SAT Essay,易错典型题：英语语法填空错误。这是一道典型的易错题，需要认真思考。,来自：Mid-Term Test,2025-11-21 20:17:59,应用能力不足,步骤错了！思路不对，整个方向都错了,牢记基础方法: 1.理解题意 2.回忆知识点 3.解题 4.检查总结
ab0a2465-f5a9-406b-b322-bf3d29fd0a5e,阅读理解主旨大意题,GPA,题目：阅读理解主旨大意题。这是一道典型的易错题，需要认真思考。,来自：寒假作业检查,2025-07-22 20:17:59,书写错误,步骤错了！思路不对，整个方向都错了,牢记基础方法: 1.理解题意 2.回忆知识点 3.解题 4.检查总结
5f09e1f8-7103-42e3-8bef-0edbc19012e7,牛顿运动定律综合运用,GRE Verbal,题目：牛顿运动定律综合运用。这是一道典型的易错题，需要认真思考。,来自：期中考试,2026-04-30 20:17:59,概念理解不够全面,步骤错了！思路不对，整个方向都错了,首先分析问题，理清思路，再逐步计算
649c8502-5db8-4cd5-9770-615954d25898,酸碱中和滴定误差,GRE Quantitative,题目：酸碱中和滴定误差。这是一道典型的易错题，需要认真思考。,来自：月考,2026-03-06 20:17:59,知识点遗漏,理解题目有偏差，理解错了题目中的关键条件,计算时保持专注，每一步都要仔细检查
5ea31462-7c4b-45d1-a295-8f2722aabf80,牛顿运动定律综合运用,GRE AW,经典错题：牛顿运动定律综合运用。这是一道典型的易错题，需要认真思考。,来自：Quiz 1,2025-07-25 20:17:59,思路不清,公式记错了，应该是另一个公式,重新看题，认真思考，整理思路，规范步骤
a0bd8fb7-e82f-424e-b998-2fcd9b0f61d3,完形填空高频错题,GMAT Total,题目：完形填空高频错题。这是一道典型的易错题，需要认真思考。,来自：寒假作业检查,2026-04-03 20:17:59,知识点遗漏,计算步骤出错，中间某一步的数值算错了,牢记基础方法: 1.理解题意 2.回忆知识点 3.解题 4.检查总结
1d740f51-60e0-44e3-9dd9-0c5342540152,阅读理解主旨大意题,TOEFL,题目内容：阅读理解主旨大意题。这是一道典型的易错题，需要认真思考。,来自：Final Review,2025-12-11 20:17:59,单位换算错误,步骤错了！思路不对，整个方向都错了,牢记基础方法: 1.理解题意 2.回忆知识点 3.解题 4.检查总结
ce84a517-8608-410c-a2b2-293d05b7e314,文言文翻译理解错误,IELTS,题目：文言文翻译理解错误。这是一道典型的易错题，需要认真思考。,来自：Mock Exam 2,2026-01-08 20:17:59,关键信息获取不足,计算出错导致整个结果全错，前面的步骤还挺对的,先记牢相关概念和公式，再应用解题
